arch,seed,case_id,klass,klass_name,dice,hd95
baseline,0,pancreas_158,1,pancreas,0.77529,1.41421
baseline,0,pancreas_158,2,mass,0.0293,20.25709
baseline,0,pancreas_313,1,pancreas,0.70538,2.44949
baseline,0,pancreas_313,2,mass,0.21818,28.93958
baseline,0,pancreas_312,1,pancreas,0.67566,2.82843
baseline,0,pancreas_312,2,mass,0.04819,7.21077
baseline,0,pancreas_055,1,pancreas,0.69833,3.31662
baseline,0,pancreas_055,2,mass,0.03846,11.98627
baseline,0,pancreas_286,1,pancreas,0.84362,1.41421
baseline,0,pancreas_286,2,mass,0.0,
baseline,0,pancreas_081,1,pancreas,0.46463,18.9103
baseline,0,pancreas_081,2,mass,0.0,24.18677
baseline,0,pancreas_070,1,pancreas,0.47573,5.09902
baseline,0,pancreas_070,2,mass,0.66626,3.18543
baseline,0,pancreas_050,1,pancreas,0.36382,18.05547
baseline,0,pancreas_050,2,mass,0.07668,17.49286
baseline,0,pancreas_165,1,pancreas,0.77313,1.41421
baseline,0,pancreas_165,2,mass,0.0,24.88469
baseline,0,pancreas_378,1,pancreas,0.80491,2.23607
baseline,0,pancreas_378,2,mass,0.0,28.02498
baseline,0,pancreas_326,1,pancreas,0.66229,3.31662
baseline,0,pancreas_326,2,mass,0.46154,2.23607
baseline,0,pancreas_346,1,pancreas,0.32629,19.1102
baseline,0,pancreas_346,2,mass,0.0,
baseline,0,pancreas_375,1,pancreas,0.82419,1.41421
baseline,0,pancreas_375,2,mass,0.0,9.43398
baseline,0,pancreas_005,1,pancreas,0.61526,8.84864
baseline,0,pancreas_005,2,mass,0.02166,13.50537
baseline,0,pancreas_405,1,pancreas,0.72977,3.0
baseline,0,pancreas_405,2,mass,0.0,11.13544
baseline,0,pancreas_110,1,pancreas,0.63982,3.0
baseline,0,pancreas_110,2,mass,0.0,21.20848
baseline,0,pancreas_229,1,pancreas,0.67291,3.0
baseline,0,pancreas_229,2,mass,0.03762,17.66325
baseline,0,pancreas_311,1,pancreas,0.51325,6.40312
baseline,0,pancreas_311,2,mass,0.0,8.30662
baseline,0,pancreas_113,1,pancreas,0.67683,5.83095
baseline,0,pancreas_113,2,mass,0.00184,11.22497
baseline,0,pancreas_228,1,pancreas,0.58261,4.0
baseline,0,pancreas_228,2,mass,0.3981,5.38516
baseline,0,pancreas_088,1,pancreas,0.55298,7.28011
baseline,0,pancreas_088,2,mass,0.26918,19.59318
baseline,0,pancreas_253,1,pancreas,0.70317,3.74166
baseline,0,pancreas_253,2,mass,0.0,25.49064
baseline,0,pancreas_392,1,pancreas,0.53878,8.18535
baseline,0,pancreas_392,2,mass,0.0,24.66366
baseline,0,pancreas_198,1,pancreas,0.73953,2.23607
baseline,0,pancreas_198,2,mass,0.30588,3.16228
baseline,0,pancreas_129,1,pancreas,0.66525,3.0
baseline,0,pancreas_129,2,mass,0.0,21.59977
baseline,0,pancreas_225,1,pancreas,0.75691,3.16228
baseline,0,pancreas_225,2,mass,0.13065,3.74166
baseline,0,pancreas_103,1,pancreas,0.61658,4.12311
baseline,0,pancreas_103,2,mass,0.02369,10.29563
baseline,0,pancreas_236,1,pancreas,0.58953,7.24561
baseline,0,pancreas_236,2,mass,0.39791,4.34233
baseline,0,pancreas_179,1,pancreas,0.73737,2.0
baseline,0,pancreas_179,2,mass,0.24335,7.1761
baseline,0,pancreas_358,1,pancreas,0.63793,7.48331
baseline,0,pancreas_358,2,mass,0.0,28.33461
baseline,0,pancreas_296,1,pancreas,0.7208,2.23607
baseline,0,pancreas_296,2,mass,0.36546,7.06041
baseline,0,pancreas_092,1,pancreas,0.69845,2.23607
baseline,0,pancreas_092,2,mass,0.27848,2.96569
baseline,0,pancreas_256,1,pancreas,0.69708,2.23607
baseline,0,pancreas_256,2,mass,0.0,27.23508
baseline,0,pancreas_235,1,pancreas,0.76613,2.0
baseline,0,pancreas_235,2,mass,0.30172,3.04057
baseline,0,pancreas_419,1,pancreas,0.56516,10.04988
baseline,0,pancreas_419,2,mass,0.0,7.82938
baseline,0,pancreas_294,1,pancreas,0.72787,2.23607
baseline,0,pancreas_294,2,mass,0.05329,9.21954
baseline,0,pancreas_077,1,pancreas,0.74314,2.23607
baseline,0,pancreas_077,2,mass,0.66453,3.16228
baseline,0,pancreas_212,1,pancreas,0.75536,5.6744
baseline,0,pancreas_212,2,mass,0.14433,8.06226
baseline,0,pancreas_280,1,pancreas,0.8089,1.41421
baseline,0,pancreas_280,2,mass,0.31447,21.46858
baseline,0,pancreas_145,1,pancreas,0.62974,3.0
baseline,0,pancreas_145,2,mass,0.3172,15.06652
baseline,0,pancreas_334,1,pancreas,0.54873,7.54983
baseline,0,pancreas_334,2,mass,0.0,4.58258
baseline,0,pancreas_105,1,pancreas,0.66191,6.40312
baseline,0,pancreas_105,2,mass,0.22642,12.10758
baseline,1,pancreas_158,1,pancreas,0.69737,2.44949
baseline,1,pancreas_158,2,mass,0.35556,3.35846
baseline,1,pancreas_313,1,pancreas,0.67761,2.44949
baseline,1,pancreas_313,2,mass,0.16206,26.64583
baseline,1,pancreas_312,1,pancreas,0.70963,2.0
baseline,1,pancreas_312,2,mass,0.0,10.5094
baseline,1,pancreas_055,1,pancreas,0.53894,12.9225
baseline,1,pancreas_055,2,mass,0.0,
baseline,1,pancreas_286,1,pancreas,0.8289,1.41421
baseline,1,pancreas_286,2,mass,0.0,11.35782
baseline,1,pancreas_081,1,pancreas,0.52838,14.60476
baseline,1,pancreas_081,2,mass,0.0,22.13255
baseline,1,pancreas_070,1,pancreas,0.57571,6.0
baseline,1,pancreas_070,2,mass,0.72696,2.82843
baseline,1,pancreas_050,1,pancreas,0.43824,18.56338
baseline,1,pancreas_050,2,mass,0.0,
baseline,1,pancreas_165,1,pancreas,0.7377,2.0
baseline,1,pancreas_165,2,mass,0.0,
baseline,1,pancreas_378,1,pancreas,0.74661,6.16441
baseline,1,pancreas_378,2,mass,0.0,33.49179
baseline,1,pancreas_326,1,pancreas,0.72407,2.23607
baseline,1,pancreas_326,2,mass,0.62461,2.0
baseline,1,pancreas_346,1,pancreas,0.47657,5.0
baseline,1,pancreas_346,2,mass,0.0,15.70984
baseline,1,pancreas_375,1,pancreas,0.84881,1.73205
baseline,1,pancreas_375,2,mass,0.0,
baseline,1,pancreas_005,1,pancreas,0.63472,6.20445
baseline,1,pancreas_005,2,mass,0.0,12.98037
baseline,1,pancreas_405,1,pancreas,0.75199,3.4641
baseline,1,pancreas_405,2,mass,0.0,13.98927
baseline,1,pancreas_110,1,pancreas,0.6009,3.31662
baseline,1,pancreas_110,2,mass,0.0,23.00088
baseline,1,pancreas_229,1,pancreas,0.73732,1.41421
baseline,1,pancreas_229,2,mass,0.38728,5.69117
baseline,1,pancreas_311,1,pancreas,0.55771,6.08276
baseline,1,pancreas_311,2,mass,0.13151,4.52736
baseline,1,pancreas_113,1,pancreas,0.66613,6.40312
baseline,1,pancreas_113,2,mass,0.16086,9.43927
baseline,1,pancreas_228,1,pancreas,0.56678,4.12311
baseline,1,pancreas_228,2,mass,0.1994,7.07107
baseline,1,pancreas_088,1,pancreas,0.51116,6.0
baseline,1,pancreas_088,2,mass,0.60489,3.60555
baseline,1,pancreas_253,1,pancreas,0.72163,3.60555
baseline,1,pancreas_253,2,mass,0.0,27.74076
baseline,1,pancreas_392,1,pancreas,0.56643,6.08276
baseline,1,pancreas_392,2,mass,0.03379,30.04329
baseline,1,pancreas_198,1,pancreas,0.78548,2.23607
baseline,1,pancreas_198,2,mass,0.30588,3.31662
baseline,1,pancreas_129,1,pancreas,0.75575,2.23607
baseline,1,pancreas_129,2,mass,0.14684,6.33241
baseline,1,pancreas_225,1,pancreas,0.68782,6.43029
baseline,1,pancreas_225,2,mass,0.0,15.43967
baseline,1,pancreas_103,1,pancreas,0.66987,4.47214
baseline,1,pancreas_103,2,mass,0.02812,9.52604
baseline,1,pancreas_236,1,pancreas,0.62055,7.0
baseline,1,pancreas_236,2,mass,0.70463,1.41421
baseline,1,pancreas_179,1,pancreas,0.77764,1.73205
baseline,1,pancreas_179,2,mass,0.19913,8.06226
baseline,1,pancreas_358,1,pancreas,0.73552,2.32144
baseline,1,pancreas_358,2,mass,0.0,29.85045
baseline,1,pancreas_296,1,pancreas,0.68449,4.58258
baseline,1,pancreas_296,2,mass,0.0,
baseline,1,pancreas_092,1,pancreas,0.68666,2.23607
baseline,1,pancreas_092,2,mass,0.03604,5.13787
baseline,1,pancreas_256,1,pancreas,0.63719,9.09939
baseline,1,pancreas_256,2,mass,0.00539,22.37183
baseline,1,pancreas_235,1,pancreas,0.69939,5.0
baseline,1,pancreas_235,2,mass,0.0,28.43413
baseline,1,pancreas_419,1,pancreas,0.50528,10.9795
baseline,1,pancreas_419,2,mass,0.0,
baseline,1,pancreas_294,1,pancreas,0.75511,2.0
baseline,1,pancreas_294,2,mass,0.14828,6.07399
baseline,1,pancreas_077,1,pancreas,0.70227,3.0
baseline,1,pancreas_077,2,mass,0.57483,5.0
baseline,1,pancreas_212,1,pancreas,0.73101,2.92279
baseline,1,pancreas_212,2,mass,0.08046,7.71988
baseline,1,pancreas_280,1,pancreas,0.80044,1.41421
baseline,1,pancreas_280,2,mass,0.38889,6.13975
baseline,1,pancreas_145,1,pancreas,0.62466,4.0
baseline,1,pancreas_145,2,mass,0.21932,16.03901
baseline,1,pancreas_334,1,pancreas,0.53535,14.58889
baseline,1,pancreas_334,2,mass,0.0,17.32623
baseline,1,pancreas_105,1,pancreas,0.74265,3.4641
baseline,1,pancreas_105,2,mass,0.17582,4.14104
baseline,2,pancreas_158,1,pancreas,0.62491,4.12311
baseline,2,pancreas_158,2,mass,0.19465,24.02914
baseline,2,pancreas_313,1,pancreas,0.6331,2.23607
baseline,2,pancreas_313,2,mass,0.01717,23.7939
baseline,2,pancreas_312,1,pancreas,0.63492,15.32971
baseline,2,pancreas_312,2,mass,0.21795,17.0
baseline,2,pancreas_055,1,pancreas,0.58944,9.06639
baseline,2,pancreas_055,2,mass,0.0,14.10424
baseline,2,pancreas_286,1,pancreas,0.82939,1.41421
baseline,2,pancreas_286,2,mass,0.0,19.30543
baseline,2,pancreas_081,1,pancreas,0.45332,18.05547
baseline,2,pancreas_081,2,mass,0.00939,23.16678
baseline,2,pancreas_070,1,pancreas,0.45861,4.58258
baseline,2,pancreas_070,2,mass,0.70934,2.24674
baseline,2,pancreas_050,1,pancreas,0.28247,21.37748
baseline,2,pancreas_050,2,mass,0.01376,21.45692
baseline,2,pancreas_165,1,pancreas,0.70069,2.23607
baseline,2,pancreas_165,2,mass,0.0,26.1151
baseline,2,pancreas_378,1,pancreas,0.72697,4.12311
baseline,2,pancreas_378,2,mass,0.0,33.3624
baseline,2,pancreas_326,1,pancreas,0.64879,3.0
baseline,2,pancreas_326,2,mass,0.48346,3.0
baseline,2,pancreas_346,1,pancreas,0.47455,9.32173
baseline,2,pancreas_346,2,mass,0.0,
baseline,2,pancreas_375,1,pancreas,0.81814,1.41421
baseline,2,pancreas_375,2,mass,0.02521,5.09902
baseline,2,pancreas_005,1,pancreas,0.60129,7.07107
baseline,2,pancreas_005,2,mass,0.0,10.04988
baseline,2,pancreas_405,1,pancreas,0.64255,4.12311
baseline,2,pancreas_405,2,mass,0.0,46.64867
baseline,2,pancreas_110,1,pancreas,0.61935,3.60555
baseline,2,pancreas_110,2,mass,0.0,17.23369
baseline,2,pancreas_229,1,pancreas,0.57302,4.12311
baseline,2,pancreas_229,2,mass,0.06936,11.06117
baseline,2,pancreas_311,1,pancreas,0.60057,3.4641
baseline,2,pancreas_311,2,mass,0.18876,4.89898
baseline,2,pancreas_113,1,pancreas,0.65961,6.0
baseline,2,pancreas_113,2,mass,0.14758,8.73482
baseline,2,pancreas_228,1,pancreas,0.58907,4.89898
baseline,2,pancreas_228,2,mass,0.52679,4.12311
baseline,2,pancreas_088,1,pancreas,0.52103,6.47686
baseline,2,pancreas_088,2,mass,0.47718,5.19615
baseline,2,pancreas_253,1,pancreas,0.69215,3.31662
baseline,2,pancreas_253,2,mass,0.0,
baseline,2,pancreas_392,1,pancreas,0.5038,7.14143
baseline,2,pancreas_392,2,mass,0.05996,24.75479
baseline,2,pancreas_198,1,pancreas,0.73813,1.73205
baseline,2,pancreas_198,2,mass,0.56089,18.22078
baseline,2,pancreas_129,1,pancreas,0.68453,2.23607
baseline,2,pancreas_129,2,mass,0.0,20.57164
baseline,2,pancreas_225,1,pancreas,0.70344,2.44949
baseline,2,pancreas_225,2,mass,0.26049,8.38702
baseline,2,pancreas_103,1,pancreas,0.67211,3.74166
baseline,2,pancreas_103,2,mass,0.19619,4.76341
baseline,2,pancreas_236,1,pancreas,0.6117,4.58258
baseline,2,pancreas_236,2,mass,0.64164,1.60492
baseline,2,pancreas_179,1,pancreas,0.69453,2.23607
baseline,2,pancreas_179,2,mass,0.16667,8.19123
baseline,2,pancreas_358,1,pancreas,0.68378,3.31662
baseline,2,pancreas_358,2,mass,0.0,31.9374
baseline,2,pancreas_296,1,pancreas,0.70588,2.82843
baseline,2,pancreas_296,2,mass,0.22601,36.74708
baseline,2,pancreas_092,1,pancreas,0.67894,2.23607
baseline,2,pancreas_092,2,mass,0.21547,5.0
baseline,2,pancreas_256,1,pancreas,0.69599,3.0
baseline,2,pancreas_256,2,mass,0.0,17.46415
baseline,2,pancreas_235,1,pancreas,0.67373,4.24264
baseline,2,pancreas_235,2,mass,0.19655,25.49116
baseline,2,pancreas_419,1,pancreas,0.43121,14.60992
baseline,2,pancreas_419,2,mass,0.04545,15.35384
baseline,2,pancreas_294,1,pancreas,0.73906,2.0
baseline,2,pancreas_294,2,mass,0.03407,7.87401
baseline,2,pancreas_077,1,pancreas,0.63244,3.0
baseline,2,pancreas_077,2,mass,0.59973,3.0
baseline,2,pancreas_212,1,pancreas,0.74722,2.0
baseline,2,pancreas_212,2,mass,0.20377,8.06226
baseline,2,pancreas_280,1,pancreas,0.75626,1.73205
baseline,2,pancreas_280,2,mass,0.04401,8.60233
baseline,2,pancreas_145,1,pancreas,0.60428,3.74166
baseline,2,pancreas_145,2,mass,0.30216,3.0
baseline,2,pancreas_334,1,pancreas,0.62453,6.0
baseline,2,pancreas_334,2,mass,0.0,12.47055
baseline,2,pancreas_105,1,pancreas,0.68912,3.10548
baseline,2,pancreas_105,2,mass,0.0,15.24302
baseline,3,pancreas_158,1,pancreas,0.70118,2.23607
baseline,3,pancreas_158,2,mass,0.1701,23.19913
baseline,3,pancreas_313,1,pancreas,0.69896,2.0
baseline,3,pancreas_313,2,mass,0.06914,22.45662
baseline,3,pancreas_312,1,pancreas,0.60592,3.0
baseline,3,pancreas_312,2,mass,0.24719,3.34552
baseline,3,pancreas_055,1,pancreas,0.59312,6.16441
baseline,3,pancreas_055,2,mass,0.0,13.54057
baseline,3,pancreas_286,1,pancreas,0.79884,2.0
baseline,3,pancreas_286,2,mass,0.0,12.03906
baseline,3,pancreas_081,1,pancreas,0.49481,14.3527
baseline,3,pancreas_081,2,mass,0.14177,17.56665
baseline,3,pancreas_070,1,pancreas,0.58247,4.89898
baseline,3,pancreas_070,2,mass,0.68776,2.23607
baseline,3,pancreas_050,1,pancreas,0.38057,32.77804
baseline,3,pancreas_050,2,mass,0.10072,7.07107
baseline,3,pancreas_165,1,pancreas,0.67663,2.86274
baseline,3,pancreas_165,2,mass,0.0,
baseline,3,pancreas_378,1,pancreas,0.74115,3.0
baseline,3,pancreas_378,2,mass,0.0,29.75903
baseline,3,pancreas_326,1,pancreas,0.67868,3.0
baseline,3,pancreas_326,2,mass,0.53372,2.44949
baseline,3,pancreas_346,1,pancreas,0.41451,11.44552
baseline,3,pancreas_346,2,mass,0.0,
baseline,3,pancreas_375,1,pancreas,0.80905,1.41421
baseline,3,pancreas_375,2,mass,0.0,6.7082
baseline,3,pancreas_005,1,pancreas,0.61468,8.06226
baseline,3,pancreas_005,2,mass,0.01786,5.79208
baseline,3,pancreas_405,1,pancreas,0.60275,3.60555
baseline,3,pancreas_405,2,mass,0.0,32.52153
baseline,3,pancreas_110,1,pancreas,0.6262,3.16228
baseline,3,pancreas_110,2,mass,0.0,19.33908
baseline,3,pancreas_229,1,pancreas,0.64152,2.44949
baseline,3,pancreas_229,2,mass,0.27654,8.0
baseline,3,pancreas_311,1,pancreas,0.55184,5.38516
baseline,3,pancreas_311,2,mass,0.0,28.17889
baseline,3,pancreas_113,1,pancreas,0.67463,7.28011
baseline,3,pancreas_113,2,mass,0.0,27.13668
baseline,3,pancreas_228,1,pancreas,0.58329,3.60555
baseline,3,pancreas_228,2,mass,0.18182,5.83095
baseline,3,pancreas_088,1,pancreas,0.53828,6.78233
baseline,3,pancreas_088,2,mass,0.52704,4.39287
baseline,3,pancreas_253,1,pancreas,0.68173,3.74166
baseline,3,pancreas_253,2,mass,0.0,27.60435
baseline,3,pancreas_392,1,pancreas,0.5454,6.40312
baseline,3,pancreas_392,2,mass,0.0,29.80604
baseline,3,pancreas_198,1,pancreas,0.72202,2.23607
baseline,3,pancreas_198,2,mass,0.4549,5.74456
baseline,3,pancreas_129,1,pancreas,0.70273,2.44949
baseline,3,pancreas_129,2,mass,0.0,11.18034
baseline,3,pancreas_225,1,pancreas,0.67928,7.07107
baseline,3,pancreas_225,2,mass,0.02658,8.11477
baseline,3,pancreas_103,1,pancreas,0.64876,4.47214
baseline,3,pancreas_103,2,mass,0.1848,6.32456
baseline,3,pancreas_236,1,pancreas,0.52009,5.23395
baseline,3,pancreas_236,2,mass,0.58156,2.09443
baseline,3,pancreas_179,1,pancreas,0.75341,1.41421
baseline,3,pancreas_179,2,mass,0.1148,10.07221
baseline,3,pancreas_358,1,pancreas,0.74093,2.0
baseline,3,pancreas_358,2,mass,0.0,31.63621
baseline,3,pancreas_296,1,pancreas,0.69584,4.58258
baseline,3,pancreas_296,2,mass,0.0,41.96784
baseline,3,pancreas_092,1,pancreas,0.69448,3.0
baseline,3,pancreas_092,2,mass,0.04301,3.63958
baseline,3,pancreas_256,1,pancreas,0.70134,5.22426
baseline,3,pancreas_256,2,mass,0.0,23.34524
baseline,3,pancreas_235,1,pancreas,0.71586,3.0
baseline,3,pancreas_235,2,mass,0.0,24.76994
baseline,3,pancreas_419,1,pancreas,0.40036,11.22497
baseline,3,pancreas_419,2,mass,0.0,18.61316
baseline,3,pancreas_294,1,pancreas,0.71016,2.44949
baseline,3,pancreas_294,2,mass,0.17308,5.11845
baseline,3,pancreas_077,1,pancreas,0.60499,4.24264
baseline,3,pancreas_077,2,mass,0.48244,4.30077
baseline,3,pancreas_212,1,pancreas,0.73546,7.34847
baseline,3,pancreas_212,2,mass,0.3301,7.7459
baseline,3,pancreas_280,1,pancreas,0.72227,2.23607
baseline,3,pancreas_280,2,mass,0.36512,6.0
baseline,3,pancreas_145,1,pancreas,0.65147,2.23607
baseline,3,pancreas_145,2,mass,0.05952,17.0
baseline,3,pancreas_334,1,pancreas,0.61409,3.60555
baseline,3,pancreas_334,2,mass,0.0,11.04536
baseline,3,pancreas_105,1,pancreas,0.66684,4.47214
baseline,3,pancreas_105,2,mass,0.25688,3.20086
baseline,4,pancreas_158,1,pancreas,0.639,4.12311
baseline,4,pancreas_158,2,mass,0.06569,27.86391
baseline,4,pancreas_313,1,pancreas,0.76945,2.0
baseline,4,pancreas_313,2,mass,0.60819,1.57313
baseline,4,pancreas_312,1,pancreas,0.71573,1.73205
baseline,4,pancreas_312,2,mass,0.0,
baseline,4,pancreas_055,1,pancreas,0.74958,1.73205
baseline,4,pancreas_055,2,mass,0.0,13.27117
baseline,4,pancreas_286,1,pancreas,0.82053,2.0
baseline,4,pancreas_286,2,mass,0.0,10.17288
baseline,4,pancreas_081,1,pancreas,0.55171,13.92839
baseline,4,pancreas_081,2,mass,0.0,
baseline,4,pancreas_070,1,pancreas,0.57503,5.0
baseline,4,pancreas_070,2,mass,0.43787,5.83095
baseline,4,pancreas_050,1,pancreas,0.32613,29.41412
baseline,4,pancreas_050,2,mass,0.0,
baseline,4,pancreas_165,1,pancreas,0.68919,2.82843
baseline,4,pancreas_165,2,mass,0.0,
baseline,4,pancreas_378,1,pancreas,0.77525,4.58258
baseline,4,pancreas_378,2,mass,0.0,29.07318
baseline,4,pancreas_326,1,pancreas,0.6631,3.74166
baseline,4,pancreas_326,2,mass,0.05128,6.17635
baseline,4,pancreas_346,1,pancreas,0.32522,12.08305
baseline,4,pancreas_346,2,mass,0.0,26.17524
baseline,4,pancreas_375,1,pancreas,0.80752,2.82843
baseline,4,pancreas_375,2,mass,0.0,41.32308
baseline,4,pancreas_005,1,pancreas,0.59485,7.34847
baseline,4,pancreas_005,2,mass,0.0,9.36182
baseline,4,pancreas_405,1,pancreas,0.72451,3.0
baseline,4,pancreas_405,2,mass,0.0,29.69596
baseline,4,pancreas_110,1,pancreas,0.63046,3.16228
baseline,4,pancreas_110,2,mass,0.0,24.66777
baseline,4,pancreas_229,1,pancreas,0.66568,2.23607
baseline,4,pancreas_229,2,mass,0.09494,7.29036
baseline,4,pancreas_311,1,pancreas,0.58596,5.0
baseline,4,pancreas_311,2,mass,0.0,
baseline,4,pancreas_113,1,pancreas,0.70429,5.74018
baseline,4,pancreas_113,2,mass,0.0,
baseline,4,pancreas_228,1,pancreas,0.57311,3.60555
baseline,4,pancreas_228,2,mass,0.42353,5.83095
baseline,4,pancreas_088,1,pancreas,0.55434,5.38516
baseline,4,pancreas_088,2,mass,0.3805,5.94965
baseline,4,pancreas_253,1,pancreas,0.75033,2.0
baseline,4,pancreas_253,2,mass,0.0,
baseline,4,pancreas_392,1,pancreas,0.52608,9.5026
baseline,4,pancreas_392,2,mass,0.0,26.98516
baseline,4,pancreas_198,1,pancreas,0.75967,2.82843
baseline,4,pancreas_198,2,mass,0.23313,3.31662
baseline,4,pancreas_129,1,pancreas,0.70084,3.60555
baseline,4,pancreas_129,2,mass,0.0,20.62886
baseline,4,pancreas_225,1,pancreas,0.69606,6.16441
baseline,4,pancreas_225,2,mass,0.0,9.04136
baseline,4,pancreas_103,1,pancreas,0.6202,7.68115
baseline,4,pancreas_103,2,mass,0.0,
baseline,4,pancreas_236,1,pancreas,0.66535,5.74456
baseline,4,pancreas_236,2,mass,0.75,1.41421
baseline,4,pancreas_179,1,pancreas,0.65796,2.0
baseline,4,pancreas_179,2,mass,0.14308,11.43896
baseline,4,pancreas_358,1,pancreas,0.78048,2.0
baseline,4,pancreas_358,2,mass,0.0,
baseline,4,pancreas_296,1,pancreas,0.74252,4.01231
baseline,4,pancreas_296,2,mass,0.0,
baseline,4,pancreas_092,1,pancreas,0.68274,3.0
baseline,4,pancreas_092,2,mass,0.43478,2.23607
baseline,4,pancreas_256,1,pancreas,0.70738,2.0
baseline,4,pancreas_256,2,mass,0.0,26.00384
baseline,4,pancreas_235,1,pancreas,0.73713,4.12311
baseline,4,pancreas_235,2,mass,0.01296,29.07231
baseline,4,pancreas_419,1,pancreas,0.59388,10.0995
baseline,4,pancreas_419,2,mass,0.0,
baseline,4,pancreas_294,1,pancreas,0.69434,7.28011
baseline,4,pancreas_294,2,mass,0.0,12.07476
baseline,4,pancreas_077,1,pancreas,0.66046,3.60555
baseline,4,pancreas_077,2,mass,0.62185,4.57036
baseline,4,pancreas_212,1,pancreas,0.70472,3.60555
baseline,4,pancreas_212,2,mass,0.16949,3.16228
baseline,4,pancreas_280,1,pancreas,0.80773,1.41421
baseline,4,pancreas_280,2,mass,0.30978,5.09902
baseline,4,pancreas_145,1,pancreas,0.6595,4.58258
baseline,4,pancreas_145,2,mass,0.33438,9.09366
baseline,4,pancreas_334,1,pancreas,0.51968,16.1462
baseline,4,pancreas_334,2,mass,0.0,14.6009
baseline,4,pancreas_105,1,pancreas,0.68788,3.16228
baseline,4,pancreas_105,2,mass,0.0,
fresnel,0,pancreas_158,1,pancreas,0.76154,1.41421
fresnel,0,pancreas_158,2,mass,0.09074,21.07367
fresnel,0,pancreas_313,1,pancreas,0.69949,1.73205
fresnel,0,pancreas_313,2,mass,0.21382,27.22126
fresnel,0,pancreas_312,1,pancreas,0.65287,5.35681
fresnel,0,pancreas_312,2,mass,0.35739,18.48242
fresnel,0,pancreas_055,1,pancreas,0.5718,4.0
fresnel,0,pancreas_055,2,mass,0.29185,38.48441
fresnel,0,pancreas_286,1,pancreas,0.78182,2.0
fresnel,0,pancreas_286,2,mass,0.16617,11.29804
fresnel,0,pancreas_081,1,pancreas,0.43863,17.54993
fresnel,0,pancreas_081,2,mass,0.17831,16.40122
fresnel,0,pancreas_070,1,pancreas,0.46437,5.91608
fresnel,0,pancreas_070,2,mass,0.82192,1.41421
fresnel,0,pancreas_050,1,pancreas,0.32148,20.52559
fresnel,0,pancreas_050,2,mass,0.10738,20.73644
fresnel,0,pancreas_165,1,pancreas,0.72511,2.0
fresnel,0,pancreas_165,2,mass,0.0,26.33624
fresnel,0,pancreas_378,1,pancreas,0.75504,2.44949
fresnel,0,pancreas_378,2,mass,0.0,25.53392
fresnel,0,pancreas_326,1,pancreas,0.68977,2.23607
fresnel,0,pancreas_326,2,mass,0.57292,2.30009
fresnel,0,pancreas_346,1,pancreas,0.34574,15.24794
fresnel,0,pancreas_346,2,mass,0.0,23.31302
fresnel,0,pancreas_375,1,pancreas,0.77534,2.0
fresnel,0,pancreas_375,2,mass,0.0,32.18847
fresnel,0,pancreas_005,1,pancreas,0.5847,6.0
fresnel,0,pancreas_005,2,mass,0.03125,7.6255
fresnel,0,pancreas_405,1,pancreas,0.69695,3.0
fresnel,0,pancreas_405,2,mass,0.0,27.4733
fresnel,0,pancreas_110,1,pancreas,0.65098,3.74166
fresnel,0,pancreas_110,2,mass,0.0,21.83213
fresnel,0,pancreas_229,1,pancreas,0.66792,3.31662
fresnel,0,pancreas_229,2,mass,0.03465,20.75447
fresnel,0,pancreas_311,1,pancreas,0.5518,4.28914
fresnel,0,pancreas_311,2,mass,0.0344,19.65706
fresnel,0,pancreas_113,1,pancreas,0.67617,5.74456
fresnel,0,pancreas_113,2,mass,0.09639,8.544
fresnel,0,pancreas_228,1,pancreas,0.54625,4.12311
fresnel,0,pancreas_228,2,mass,0.26741,28.2152
fresnel,0,pancreas_088,1,pancreas,0.47826,8.94427
fresnel,0,pancreas_088,2,mass,0.39613,24.48467
fresnel,0,pancreas_253,1,pancreas,0.57761,9.33259
fresnel,0,pancreas_253,2,mass,0.16049,27.74887
fresnel,0,pancreas_392,1,pancreas,0.54245,7.34847
fresnel,0,pancreas_392,2,mass,0.0,23.90918
fresnel,0,pancreas_198,1,pancreas,0.70985,3.0
fresnel,0,pancreas_198,2,mass,0.67119,18.90351
fresnel,0,pancreas_129,1,pancreas,0.62005,3.74166
fresnel,0,pancreas_129,2,mass,0.01515,21.58703
fresnel,0,pancreas_225,1,pancreas,0.68659,7.18323
fresnel,0,pancreas_225,2,mass,0.0,7.26286
fresnel,0,pancreas_103,1,pancreas,0.58736,5.47723
fresnel,0,pancreas_103,2,mass,0.00314,21.94994
fresnel,0,pancreas_236,1,pancreas,0.54449,6.40312
fresnel,0,pancreas_236,2,mass,0.65278,1.41421
fresnel,0,pancreas_179,1,pancreas,0.72389,2.0
fresnel,0,pancreas_179,2,mass,0.21463,9.06639
fresnel,0,pancreas_358,1,pancreas,0.64898,5.94126
fresnel,0,pancreas_358,2,mass,0.31068,29.80769
fresnel,0,pancreas_296,1,pancreas,0.71251,3.74166
fresnel,0,pancreas_296,2,mass,0.0,12.36932
fresnel,0,pancreas_092,1,pancreas,0.63161,3.0
fresnel,0,pancreas_092,2,mass,0.53878,2.58212
fresnel,0,pancreas_256,1,pancreas,0.66634,2.0
fresnel,0,pancreas_256,2,mass,0.2226,25.07987
fresnel,0,pancreas_235,1,pancreas,0.69747,4.12311
fresnel,0,pancreas_235,2,mass,0.2115,27.18823
fresnel,0,pancreas_419,1,pancreas,0.56216,11.40175
fresnel,0,pancreas_419,2,mass,0.0,22.52994
fresnel,0,pancreas_294,1,pancreas,0.68632,3.0
fresnel,0,pancreas_294,2,mass,0.12621,10.37295
fresnel,0,pancreas_077,1,pancreas,0.60809,4.12311
fresnel,0,pancreas_077,2,mass,0.72475,2.23607
fresnel,0,pancreas_212,1,pancreas,0.63786,10.13399
fresnel,0,pancreas_212,2,mass,0.18283,8.20022
fresnel,0,pancreas_280,1,pancreas,0.79458,1.41421
fresnel,0,pancreas_280,2,mass,0.45,4.12311
fresnel,0,pancreas_145,1,pancreas,0.65092,2.82843
fresnel,0,pancreas_145,2,mass,0.38462,11.0
fresnel,0,pancreas_334,1,pancreas,0.60599,4.58258
fresnel,0,pancreas_334,2,mass,0.0,11.23742
fresnel,0,pancreas_105,1,pancreas,0.6795,5.83095
fresnel,0,pancreas_105,2,mass,0.39053,4.65726
fresnel,1,pancreas_158,1,pancreas,0.68705,2.23607
fresnel,1,pancreas_158,2,mass,0.1129,24.8745
fresnel,1,pancreas_313,1,pancreas,0.66153,2.0
fresnel,1,pancreas_313,2,mass,0.30363,26.02114
fresnel,1,pancreas_312,1,pancreas,0.7304,1.41421
fresnel,1,pancreas_312,2,mass,0.0,
fresnel,1,pancreas_055,1,pancreas,0.57974,6.32456
fresnel,1,pancreas_055,2,mass,0.02597,7.2265
fresnel,1,pancreas_286,1,pancreas,0.84277,1.41421
fresnel,1,pancreas_286,2,mass,0.03922,9.0
fresnel,1,pancreas_081,1,pancreas,0.45146,15.68439
fresnel,1,pancreas_081,2,mass,0.0,24.09564
fresnel,1,pancreas_070,1,pancreas,0.52475,9.21954
fresnel,1,pancreas_070,2,mass,0.77132,2.23607
fresnel,1,pancreas_050,1,pancreas,0.37542,16.12141
fresnel,1,pancreas_050,2,mass,0.0,7.34847
fresnel,1,pancreas_165,1,pancreas,0.68757,2.0
fresnel,1,pancreas_165,2,mass,0.0,26.29352
fresnel,1,pancreas_378,1,pancreas,0.78473,5.65685
fresnel,1,pancreas_378,2,mass,0.0,33.35266
fresnel,1,pancreas_326,1,pancreas,0.70774,3.16228
fresnel,1,pancreas_326,2,mass,0.55593,4.62571
fresnel,1,pancreas_346,1,pancreas,0.23951,27.47635
fresnel,1,pancreas_346,2,mass,0.0,20.16965
fresnel,1,pancreas_375,1,pancreas,0.75676,2.44949
fresnel,1,pancreas_375,2,mass,0.0,12.21269
fresnel,1,pancreas_005,1,pancreas,0.58494,8.60233
fresnel,1,pancreas_005,2,mass,0.00345,43.56604
fresnel,1,pancreas_405,1,pancreas,0.65164,3.0
fresnel,1,pancreas_405,2,mass,0.0,28.6688
fresnel,1,pancreas_110,1,pancreas,0.69302,3.0
fresnel,1,pancreas_110,2,mass,0.0,18.46619
fresnel,1,pancreas_229,1,pancreas,0.72044,2.0
fresnel,1,pancreas_229,2,mass,0.20339,9.05814
fresnel,1,pancreas_311,1,pancreas,0.55214,4.0
fresnel,1,pancreas_311,2,mass,0.0,23.77182
fresnel,1,pancreas_113,1,pancreas,0.6542,5.09902
fresnel,1,pancreas_113,2,mass,0.0,17.32051
fresnel,1,pancreas_228,1,pancreas,0.56401,3.4641
fresnel,1,pancreas_228,2,mass,0.37857,24.25385
fresnel,1,pancreas_088,1,pancreas,0.63851,4.47214
fresnel,1,pancreas_088,2,mass,0.58488,19.88963
fresnel,1,pancreas_253,1,pancreas,0.58635,5.74456
fresnel,1,pancreas_253,2,mass,0.0,
fresnel,1,pancreas_392,1,pancreas,0.5051,8.94706
fresnel,1,pancreas_392,2,mass,0.0,29.85465
fresnel,1,pancreas_198,1,pancreas,0.63876,3.0
fresnel,1,pancreas_198,2,mass,0.70349,1.41421
fresnel,1,pancreas_129,1,pancreas,0.73674,2.44949
fresnel,1,pancreas_129,2,mass,0.0,15.29215
fresnel,1,pancreas_225,1,pancreas,0.70159,7.03198
fresnel,1,pancreas_225,2,mass,0.14245,11.13759
fresnel,1,pancreas_103,1,pancreas,0.68504,2.82843
fresnel,1,pancreas_103,2,mass,0.26893,6.55744
fresnel,1,pancreas_236,1,pancreas,0.64227,4.24264
fresnel,1,pancreas_236,2,mass,0.66912,1.41421
fresnel,1,pancreas_179,1,pancreas,0.63194,2.23607
fresnel,1,pancreas_179,2,mass,0.15723,11.06795
fresnel,1,pancreas_358,1,pancreas,0.75151,2.44949
fresnel,1,pancreas_358,2,mass,0.0,30.09401
fresnel,1,pancreas_296,1,pancreas,0.63328,6.7082
fresnel,1,pancreas_296,2,mass,0.0,39.9437
fresnel,1,pancreas_092,1,pancreas,0.71557,2.0
fresnel,1,pancreas_092,2,mass,0.2649,3.0
fresnel,1,pancreas_256,1,pancreas,0.70844,3.74166
fresnel,1,pancreas_256,2,mass,0.0,31.07008
fresnel,1,pancreas_235,1,pancreas,0.7027,3.60555
fresnel,1,pancreas_235,2,mass,0.00531,16.74511
fresnel,1,pancreas_419,1,pancreas,0.57947,10.24695
fresnel,1,pancreas_419,2,mass,0.0,
fresnel,1,pancreas_294,1,pancreas,0.64803,8.544
fresnel,1,pancreas_294,2,mass,0.01373,14.98997
fresnel,1,pancreas_077,1,pancreas,0.69373,3.16228
fresnel,1,pancreas_077,2,mass,0.64857,4.12311
fresnel,1,pancreas_212,1,pancreas,0.77988,2.0
fresnel,1,pancreas_212,2,mass,0.2967,4.64519
fresnel,1,pancreas_280,1,pancreas,0.71288,2.0
fresnel,1,pancreas_280,2,mass,0.24684,5.92867
fresnel,1,pancreas_145,1,pancreas,0.53632,3.60555
fresnel,1,pancreas_145,2,mass,0.20097,13.0384
fresnel,1,pancreas_334,1,pancreas,0.42356,15.73193
fresnel,1,pancreas_334,2,mass,0.0,
fresnel,1,pancreas_105,1,pancreas,0.67944,6.0
fresnel,1,pancreas_105,2,mass,0.26556,13.8635
fresnel,2,pancreas_158,1,pancreas,0.73515,2.0
fresnel,2,pancreas_158,2,mass,0.36187,22.35843
fresnel,2,pancreas_313,1,pancreas,0.63006,2.44949
fresnel,2,pancreas_313,2,mass,0.11171,25.99999
fresnel,2,pancreas_312,1,pancreas,0.58801,3.4641
fresnel,2,pancreas_312,2,mass,0.0,16.92295
fresnel,2,pancreas_055,1,pancreas,0.56405,4.89898
fresnel,2,pancreas_055,2,mass,0.10753,8.28548
fresnel,2,pancreas_286,1,pancreas,0.85165,1.41421
fresnel,2,pancreas_286,2,mass,0.06173,16.53765
fresnel,2,pancreas_081,1,pancreas,0.41079,19.26136
fresnel,2,pancreas_081,2,mass,0.0,21.92249
fresnel,2,pancreas_070,1,pancreas,0.39945,8.06226
fresnel,2,pancreas_070,2,mass,0.81329,1.41421
fresnel,2,pancreas_050,1,pancreas,0.27478,22.03633
fresnel,2,pancreas_050,2,mass,0.0,20.6325
fresnel,2,pancreas_165,1,pancreas,0.64761,3.0
fresnel,2,pancreas_165,2,mass,0.0,5.11359
fresnel,2,pancreas_378,1,pancreas,0.75848,5.09902
fresnel,2,pancreas_378,2,mass,0.0,32.91808
fresnel,2,pancreas_326,1,pancreas,0.63579,4.47214
fresnel,2,pancreas_326,2,mass,0.59859,2.0
fresnel,2,pancreas_346,1,pancreas,0.18905,19.24448
fresnel,2,pancreas_346,2,mass,0.0,23.15491
fresnel,2,pancreas_375,1,pancreas,0.76615,2.0
fresnel,2,pancreas_375,2,mass,0.0,8.70048
fresnel,2,pancreas_005,1,pancreas,0.71227,6.39134
fresnel,2,pancreas_005,2,mass,0.0,11.16684
fresnel,2,pancreas_405,1,pancreas,0.68445,3.31662
fresnel,2,pancreas_405,2,mass,0.0,30.04994
fresnel,2,pancreas_110,1,pancreas,0.73487,2.82843
fresnel,2,pancreas_110,2,mass,0.0,12.54862
fresnel,2,pancreas_229,1,pancreas,0.57875,5.79208
fresnel,2,pancreas_229,2,mass,0.04283,21.12816
fresnel,2,pancreas_311,1,pancreas,0.55537,6.08276
fresnel,2,pancreas_311,2,mass,0.30198,6.16441
fresnel,2,pancreas_113,1,pancreas,0.70741,5.38516
fresnel,2,pancreas_113,2,mass,0.00184,9.43398
fresnel,2,pancreas_228,1,pancreas,0.54371,6.62946
fresnel,2,pancreas_228,2,mass,0.57282,5.0099
fresnel,2,pancreas_088,1,pancreas,0.57836,5.65685
fresnel,2,pancreas_088,2,mass,0.54702,18.98288
fresnel,2,pancreas_253,1,pancreas,0.59651,10.65596
fresnel,2,pancreas_253,2,mass,0.15254,29.6688
fresnel,2,pancreas_392,1,pancreas,0.51565,12.52996
fresnel,2,pancreas_392,2,mass,0.0,24.9299
fresnel,2,pancreas_198,1,pancreas,0.735,2.23607
fresnel,2,pancreas_198,2,mass,0.72982,1.0
fresnel,2,pancreas_129,1,pancreas,0.64696,4.83641
fresnel,2,pancreas_129,2,mass,0.0,22.13594
fresnel,2,pancreas_225,1,pancreas,0.71045,7.16581
fresnel,2,pancreas_225,2,mass,0.04444,5.47723
fresnel,2,pancreas_103,1,pancreas,0.68049,4.0
fresnel,2,pancreas_103,2,mass,0.44299,3.31662
fresnel,2,pancreas_236,1,pancreas,0.58363,3.74166
fresnel,2,pancreas_236,2,mass,0.6375,1.82583
fresnel,2,pancreas_179,1,pancreas,0.71229,2.23607
fresnel,2,pancreas_179,2,mass,0.26471,6.79574
fresnel,2,pancreas_358,1,pancreas,0.66667,4.12311
fresnel,2,pancreas_358,2,mass,0.0,31.12876
fresnel,2,pancreas_296,1,pancreas,0.637,4.02462
fresnel,2,pancreas_296,2,mass,0.0,36.73214
fresnel,2,pancreas_092,1,pancreas,0.66804,2.23607
fresnel,2,pancreas_092,2,mass,0.17291,6.08276
fresnel,2,pancreas_256,1,pancreas,0.71769,2.0
fresnel,2,pancreas_256,2,mass,0.23394,19.63924
fresnel,2,pancreas_235,1,pancreas,0.67557,3.60555
fresnel,2,pancreas_235,2,mass,0.24519,6.40312
fresnel,2,pancreas_419,1,pancreas,0.50563,16.09348
fresnel,2,pancreas_419,2,mass,0.06695,15.39426
fresnel,2,pancreas_294,1,pancreas,0.73495,2.23607
fresnel,2,pancreas_294,2,mass,0.156,10.02988
fresnel,2,pancreas_077,1,pancreas,0.57568,4.12311
fresnel,2,pancreas_077,2,mass,0.64052,3.16228
fresnel,2,pancreas_212,1,pancreas,0.76169,9.0
fresnel,2,pancreas_212,2,mass,0.06135,29.22317
fresnel,2,pancreas_280,1,pancreas,0.77856,2.0
fresnel,2,pancreas_280,2,mass,0.03636,17.73804
fresnel,2,pancreas_145,1,pancreas,0.64421,3.16228
fresnel,2,pancreas_145,2,mass,0.26586,6.0
fresnel,2,pancreas_334,1,pancreas,0.5901,7.81025
fresnel,2,pancreas_334,2,mass,0.0,5.09902
fresnel,2,pancreas_105,1,pancreas,0.57157,5.94965
fresnel,2,pancreas_105,2,mass,0.09434,14.9097
fresnel,3,pancreas_158,1,pancreas,0.75886,2.0
fresnel,3,pancreas_158,2,mass,0.34515,3.16228
fresnel,3,pancreas_313,1,pancreas,0.64824,1.73205
fresnel,3,pancreas_313,2,mass,0.18314,23.2217
fresnel,3,pancreas_312,1,pancreas,0.62108,5.0
fresnel,3,pancreas_312,2,mass,0.0,8.59649
fresnel,3,pancreas_055,1,pancreas,0.63486,4.24264
fresnel,3,pancreas_055,2,mass,0.17143,4.79257
fresnel,3,pancreas_286,1,pancreas,0.83851,1.41421
fresnel,3,pancreas_286,2,mass,0.0,13.33335
fresnel,3,pancreas_081,1,pancreas,0.3323,17.29162
fresnel,3,pancreas_081,2,mass,0.0,19.74842
fresnel,3,pancreas_070,1,pancreas,0.48347,5.0
fresnel,3,pancreas_070,2,mass,0.53681,3.0
fresnel,3,pancreas_050,1,pancreas,0.25861,33.30916
fresnel,3,pancreas_050,2,mass,0.0,23.77909
fresnel,3,pancreas_165,1,pancreas,0.6686,2.82843
fresnel,3,pancreas_165,2,mass,0.0,
fresnel,3,pancreas_378,1,pancreas,0.81684,1.41421
fresnel,3,pancreas_378,2,mass,0.0,19.88885
fresnel,3,pancreas_326,1,pancreas,0.65648,3.0
fresnel,3,pancreas_326,2,mass,0.12022,4.58258
fresnel,3,pancreas_346,1,pancreas,0.25798,17.05285
fresnel,3,pancreas_346,2,mass,0.0,
fresnel,3,pancreas_375,1,pancreas,0.80374,1.73205
fresnel,3,pancreas_375,2,mass,0.0,36.74982
fresnel,3,pancreas_005,1,pancreas,0.65099,6.48841
fresnel,3,pancreas_005,2,mass,0.0,8.24621
fresnel,3,pancreas_405,1,pancreas,0.49422,5.09902
fresnel,3,pancreas_405,2,mass,0.0,28.61458
fresnel,3,pancreas_110,1,pancreas,0.65372,4.12311
fresnel,3,pancreas_110,2,mass,0.0,
fresnel,3,pancreas_229,1,pancreas,0.67751,2.0
fresnel,3,pancreas_229,2,mass,0.06993,21.17183
fresnel,3,pancreas_311,1,pancreas,0.58061,3.74166
fresnel,3,pancreas_311,2,mass,0.0,24.39056
fresnel,3,pancreas_113,1,pancreas,0.64216,7.48331
fresnel,3,pancreas_113,2,mass,0.0,16.10119
fresnel,3,pancreas_228,1,pancreas,0.58282,3.31662
fresnel,3,pancreas_228,2,mass,0.32558,7.0
fresnel,3,pancreas_088,1,pancreas,0.58125,7.15885
fresnel,3,pancreas_088,2,mass,0.27211,6.40312
fresnel,3,pancreas_253,1,pancreas,0.60557,4.12311
fresnel,3,pancreas_253,2,mass,0.06557,26.48395
fresnel,3,pancreas_392,1,pancreas,0.48823,13.45362
fresnel,3,pancreas_392,2,mass,0.0,26.26023
fresnel,3,pancreas_198,1,pancreas,0.71219,2.0
fresnel,3,pancreas_198,2,mass,0.27545,2.96569
fresnel,3,pancreas_129,1,pancreas,0.67561,4.3589
fresnel,3,pancreas_129,2,mass,0.09375,16.15549
fresnel,3,pancreas_225,1,pancreas,0.73024,3.60555
fresnel,3,pancreas_225,2,mass,0.00889,6.16441
fresnel,3,pancreas_103,1,pancreas,0.68599,3.0
fresnel,3,pancreas_103,2,mass,0.06632,6.17242
fresnel,3,pancreas_236,1,pancreas,0.61722,5.83095
fresnel,3,pancreas_236,2,mass,0.70492,1.41421
fresnel,3,pancreas_179,1,pancreas,0.70473,2.0
fresnel,3,pancreas_179,2,mass,0.16794,9.05539
fresnel,3,pancreas_358,1,pancreas,0.73238,2.32144
fresnel,3,pancreas_358,2,mass,0.0,31.32651
fresnel,3,pancreas_296,1,pancreas,0.64445,7.28011
fresnel,3,pancreas_296,2,mass,0.0,37.07018
fresnel,3,pancreas_092,1,pancreas,0.67098,3.16228
fresnel,3,pancreas_092,2,mass,0.07547,3.74166
fresnel,3,pancreas_256,1,pancreas,0.70437,8.60233
fresnel,3,pancreas_256,2,mass,0.0,25.80698
fresnel,3,pancreas_235,1,pancreas,0.75405,2.82843
fresnel,3,pancreas_235,2,mass,0.04959,4.12311
fresnel,3,pancreas_419,1,pancreas,0.50367,12.52196
fresnel,3,pancreas_419,2,mass,0.0,20.55696
fresnel,3,pancreas_294,1,pancreas,0.73672,2.23607
fresnel,3,pancreas_294,2,mass,0.0,9.16515
fresnel,3,pancreas_077,1,pancreas,0.58907,4.3589
fresnel,3,pancreas_077,2,mass,0.55088,4.44949
fresnel,3,pancreas_212,1,pancreas,0.8057,2.0
fresnel,3,pancreas_212,2,mass,0.04651,19.34552
fresnel,3,pancreas_280,1,pancreas,0.77135,2.0
fresnel,3,pancreas_280,2,mass,0.48583,2.23607
fresnel,3,pancreas_145,1,pancreas,0.68754,3.0
fresnel,3,pancreas_145,2,mass,0.21739,14.0
fresnel,3,pancreas_334,1,pancreas,0.58254,12.12436
fresnel,3,pancreas_334,2,mass,0.0,
fresnel,3,pancreas_105,1,pancreas,0.67509,4.0
fresnel,3,pancreas_105,2,mass,0.0,12.23518
fresnel,4,pancreas_158,1,pancreas,0.67517,2.82843
fresnel,4,pancreas_158,2,mass,0.41392,7.0
fresnel,4,pancreas_313,1,pancreas,0.75177,2.23607
fresnel,4,pancreas_313,2,mass,0.22523,23.34524
fresnel,4,pancreas_312,1,pancreas,0.63993,15.39805
fresnel,4,pancreas_312,2,mass,0.0,24.04475
fresnel,4,pancreas_055,1,pancreas,0.65754,3.0
fresnel,4,pancreas_055,2,mass,0.0,
fresnel,4,pancreas_286,1,pancreas,0.83271,2.23607
fresnel,4,pancreas_286,2,mass,0.0,25.72644
fresnel,4,pancreas_081,1,pancreas,0.50009,16.76007
fresnel,4,pancreas_081,2,mass,0.0,
fresnel,4,pancreas_070,1,pancreas,0.50488,5.0
fresnel,4,pancreas_070,2,mass,0.46873,6.40312
fresnel,4,pancreas_050,1,pancreas,0.27973,17.23369
fresnel,4,pancreas_050,2,mass,0.0,
fresnel,4,pancreas_165,1,pancreas,0.75834,2.0
fresnel,4,pancreas_165,2,mass,0.0,26.13427
fresnel,4,pancreas_378,1,pancreas,0.83549,1.41421
fresnel,4,pancreas_378,2,mass,0.0,28.67035
fresnel,4,pancreas_326,1,pancreas,0.70405,4.24264
fresnel,4,pancreas_326,2,mass,0.11173,5.08417
fresnel,4,pancreas_346,1,pancreas,0.49698,8.03402
fresnel,4,pancreas_346,2,mass,0.0,
fresnel,4,pancreas_375,1,pancreas,0.81231,2.23607
fresnel,4,pancreas_375,2,mass,0.0,12.48177
fresnel,4,pancreas_005,1,pancreas,0.67345,7.14143
fresnel,4,pancreas_005,2,mass,0.0,10.24695
fresnel,4,pancreas_405,1,pancreas,0.63515,3.60555
fresnel,4,pancreas_405,2,mass,0.0,27.43537
fresnel,4,pancreas_110,1,pancreas,0.60865,3.60555
fresnel,4,pancreas_110,2,mass,0.0,21.9545
fresnel,4,pancreas_229,1,pancreas,0.71751,2.03541
fresnel,4,pancreas_229,2,mass,0.13483,4.47214
fresnel,4,pancreas_311,1,pancreas,0.59644,4.47214
fresnel,4,pancreas_311,2,mass,0.0,
fresnel,4,pancreas_113,1,pancreas,0.69311,6.32456
fresnel,4,pancreas_113,2,mass,0.0,19.72308
fresnel,4,pancreas_228,1,pancreas,0.57218,3.0
fresnel,4,pancreas_228,2,mass,0.1982,9.036
fresnel,4,pancreas_088,1,pancreas,0.58653,7.34847
fresnel,4,pancreas_088,2,mass,0.12508,8.30662
fresnel,4,pancreas_253,1,pancreas,0.62287,11.87434
fresnel,4,pancreas_253,2,mass,0.0,
fresnel,4,pancreas_392,1,pancreas,0.62882,5.09902
fresnel,4,pancreas_392,2,mass,0.0,24.29608
fresnel,4,pancreas_198,1,pancreas,0.77465,2.0
fresnel,4,pancreas_198,2,mass,0.69421,1.41421
fresnel,4,pancreas_129,1,pancreas,0.71069,3.0
fresnel,4,pancreas_129,2,mass,0.0,22.36291
fresnel,4,pancreas_225,1,pancreas,0.70557,5.74456
fresnel,4,pancreas_225,2,mass,0.0,
fresnel,4,pancreas_103,1,pancreas,0.69102,4.12311
fresnel,4,pancreas_103,2,mass,0.30257,5.91608
fresnel,4,pancreas_236,1,pancreas,0.6427,6.5726
fresnel,4,pancreas_236,2,mass,0.71713,1.57313
fresnel,4,pancreas_179,1,pancreas,0.72969,2.0
fresnel,4,pancreas_179,2,mass,0.24,8.06226
fresnel,4,pancreas_358,1,pancreas,0.73623,4.24264
fresnel,4,pancreas_358,2,mass,0.03704,3.31662
fresnel,4,pancreas_296,1,pancreas,0.74426,4.0
fresnel,4,pancreas_296,2,mass,0.01613,6.17242
fresnel,4,pancreas_092,1,pancreas,0.69339,3.0
fresnel,4,pancreas_092,2,mass,0.0,5.47723
fresnel,4,pancreas_256,1,pancreas,0.74801,2.0
fresnel,4,pancreas_256,2,mass,0.14126,23.49854
fresnel,4,pancreas_235,1,pancreas,0.74538,2.23607
fresnel,4,pancreas_235,2,mass,0.0411,5.17056
fresnel,4,pancreas_419,1,pancreas,0.49274,11.07698
fresnel,4,pancreas_419,2,mass,0.0,10.05484
fresnel,4,pancreas_294,1,pancreas,0.76553,2.0
fresnel,4,pancreas_294,2,mass,0.03665,8.30662
fresnel,4,pancreas_077,1,pancreas,0.61357,4.94949
fresnel,4,pancreas_077,2,mass,0.3871,7.20065
fresnel,4,pancreas_212,1,pancreas,0.71938,4.0
fresnel,4,pancreas_212,2,mass,0.22695,3.16228
fresnel,4,pancreas_280,1,pancreas,0.75963,1.41421
fresnel,4,pancreas_280,2,mass,0.2994,6.00828
fresnel,4,pancreas_145,1,pancreas,0.63459,3.31662
fresnel,4,pancreas_145,2,mass,0.34043,10.0
fresnel,4,pancreas_334,1,pancreas,0.62749,13.92839
fresnel,4,pancreas_334,2,mass,0.0,
fresnel,4,pancreas_105,1,pancreas,0.69665,4.24264
fresnel,4,pancreas_105,2,mass,0.0,16.62823
